month,ours,truth,growth advantage,EVEscape,E2VD,DMS(fit)
2023-10-01,EG.5+L452R,HK.3,HK.3+N481K,JN.1,XBB.1.5,EG.5+L455W
2023-11-01,HK.3,HK.3,BA.2.86+A475V,HK.3+T470N+A475V,HK.3,EG.5+L455W
2023-12-01,JN.1,JN.1,JN.1+K403R,JN.1+R346T,BA.1+R346K,EG.5+L455W
2024-01-01,JN.1,JN.1,JN.1+R346I,JN.1+R346T,JN.1,EG.5+L452R+S514F
2024-02-01,JN.1,JN.1,JN.1+F456L,JN.1+R346T,JN.1,EG.5+L452R+S514F
2024-03-01,JN.1,JN.1,JN.1+K444R,KP.2,JN.1,EG.5+L452R+S514F
2024-04-01,JN.1,JN.1,KP.3,KP.2,JN.1,BA.2.86+F456V
2024-05-01,KP.2,KP.2,KP.3,KP.2,JN.1,BA.2.86+F456V
2024-06-01,KP.2,KP.3,KP.2+N417K,KP.2,JN.1,KP.2+L441V
2024-07-01,KP.3,KP.3,KP.3+A435S,KP.2+Q493E,KP.2,KP.2+L441V
2024-08-01,KP.3,KP.3,JN.1+F456L+K478T,KP.2+Q493E,KP.3,KP.2+L441V
2024-09-01,KP.3,KP.3,KP.2+L456V+K478T,KP.2+L335S+Q493E,KP.3,KP.2+L441V
2024-10-01,KP.3,KP.3,KP.2+L456V+K478T,KP.2+L335S+Q493E,KP.3,KP.2+K444R
